时间,信号,仓位,止损价,采样日收盘,原因,执行状态
2021-01-20,LONG_CLOSE,0.0,0.0,1871.26,周线转BEAR,未执行
2021-01-29,LONG_CLOSE,0.0,0.0,1847.43,周线转BEAR,未执行
2021-02-09,LONG_CLOSE,0.0,0.0,1837.5,周线转BEAR,未执行
2021-02-18,LONG_CLOSE,0.0,0.0,1775.26,周线转BEAR,未执行
2021-03-01,LONG_CLOSE,0.0,0.0,1724.62,周线转BEAR,未执行
2021-03-10,LONG_CLOSE,0.0,0.0,1726.16,周线转BEAR,未执行
2021-03-19,LONG_CLOSE,0.0,0.0,1744.97,周线转BEAR,未执行
2021-03-30,LONG_CLOSE,0.0,0.0,1684.89,周线转BEAR,未执行
2021-04-09,LONG_CLOSE,0.0,0.0,1743.29,周线转BEAR,未执行
2021-04-20,LONG_CLOSE,0.0,0.0,1778.38,周线转BEAR,未执行
2021-04-29,LONG_CLOSE,0.0,0.0,1772.1,周线转BEAR,未执行
2021-05-10,LONG_CLOSE,0.0,0.0,1835.36,周线转BEAR,未执行
2021-05-19,LONG_CLOSE,0.0,0.0,1869.97,周线转BEAR,未执行
2021-05-28,LONG_CLOSE,0.0,0.0,1902.98,周线转BEAR,未执行
2021-06-08,LONG_CLOSE,0.0,0.0,1892.86,周线转BEAR,未执行
2021-06-17,LONG_CLOSE,0.0,0.0,1772.58,周线转BEAR,未执行
2021-06-28,LONG_CLOSE,0.0,0.0,1778.83,周线转BEAR,未执行
2021-07-07,LONG_CLOSE,0.0,0.0,1803.39,周线转BEAR,未执行
2021-07-16,LONG_CLOSE,0.0,0.0,1811.33,周线转BEAR,未执行
2021-07-27,LONG_CLOSE,0.0,0.0,1798.36,周线转BEAR,未执行
2021-08-05,LONG_CLOSE,0.0,0.0,1803.57,周线转BEAR,未执行
2021-10-04,LONG_OPEN,0.6,1682.6,1769.19,周线波浪多头; 日线缠论B2买点; M5缺失跳过; 浪型完好,执行
2021-10-13,LONG_CLOSE,0.0,1682.6,1792.57,周线转BEAR,未执行
2021-10-22,LONG_CLOSE,0.0,0.0,1792.49,周线转BEAR,未执行
2021-11-02,LONG_CLOSE,0.0,0.0,1787.61,周线转BEAR,未执行
2021-12-01,LONG_OPEN,0.6,1682.6,1781.68,周线波浪多头; 日线缠论B2买点; M5缺失跳过; 浪型完好,执行
2021-12-21,LONG_OPEN,0.6,1682.6,1788.43,周线波浪多头; 日线缠论B2买点; M5缺失跳过; 浪型完好,已有持仓，信号去重跳过
2022-01-11,LONG_OPEN,0.6,1682.6,1821.24,周线波浪多头; 日线缠论B2买点; M5缺失跳过; 浪型完好,已有持仓，信号去重跳过
2022-01-20,LONG_OPEN,0.6,1682.6,1839.34,周线波浪多头; 日线缠论B2买点; M5缺失跳过; 浪型完好,已有持仓，信号去重跳过
2022-07-18,LONG_CLOSE,0.0,0.0,1708.75,浪型破坏,未执行
2022-07-27,LONG_CLOSE,0.0,0.0,1734.59,浪型破坏,未执行
2022-08-05,LONG_CLOSE,0.0,0.0,1775.2,浪型破坏,未执行
2022-08-25,LONG_CLOSE,0.0,0.0,1758.18,浪型破坏,未执行
2022-09-05,LONG_CLOSE,0.0,0.0,1709.86,周线转BEAR,未执行
2022-09-14,LONG_CLOSE,0.0,0.0,1696.85,周线转BEAR,未执行
2022-09-23,LONG_CLOSE,0.0,0.0,1644.91,周线转BEAR,未执行
2022-10-04,LONG_CLOSE,0.0,0.0,1725.82,周线转BEAR,未执行
2022-10-13,LONG_CLOSE,0.0,0.0,1665.66,周线转BEAR,未执行
2022-10-24,LONG_CLOSE,0.0,1620.99,1649.31,周线转BEAR,未执行
2022-11-02,LONG_CLOSE,0.0,1620.99,1634.86,周线转BEAR,未执行
2022-11-11,LONG_CLOSE,0.0,1688.59,1769.78,周线转BEAR,未执行
2022-11-22,LONG_CLOSE,0.0,0.0,1739.84,周线转BEAR,未执行
2023-03-13,LONG_CLOSE,0.0,0.0,1913.76,周线转BEAR,未执行
2023-03-22,LONG_CLOSE,0.0,0.0,1968.02,周线转BEAR,未执行
2023-03-31,LONG_CLOSE,0.0,0.0,1969.24,周线转BEAR,未执行
2023-08-28,LONG_CLOSE,0.0,0.0,1919.86,周线转BEAR,未执行
2023-09-06,LONG_CLOSE,0.0,0.0,1916.02,周线转BEAR,未执行
2023-09-15,LONG_CLOSE,0.0,0.0,1923.44,周线转BEAR,未执行
2023-09-26,LONG_CLOSE,0.0,0.0,1900.25,周线转BEAR,未执行
2023-10-05,LONG_CLOSE,0.0,0.0,1819.97,周线转BEAR,未执行
2023-10-16,LONG_CLOSE,0.0,0.0,1919.58,周线转BEAR,未执行
2023-10-25,LONG_CLOSE,0.0,0.0,1979.38,周线转BEAR,未执行
2023-11-03,LONG_CLOSE,0.0,0.0,1992.16,周线转BEAR,未执行
2023-11-14,LONG_CLOSE,0.0,0.0,1963.01,周线转BEAR,未执行
2023-11-23,LONG_CLOSE,0.0,0.0,1992.58,周线转BEAR,未执行
2023-12-04,LONG_CLOSE,0.0,0.0,2028.84,周线转BEAR,未执行
2023-12-13,LONG_CLOSE,0.0,0.0,2026.17,周线转BEAR,未执行
2023-12-22,LONG_CLOSE,0.0,0.0,2052.64,周线转BEAR,未执行
2024-01-04,LONG_CLOSE,0.0,0.0,2043.35,周线转BEAR,未执行
2025-05-05,LONG_OPEN,0.2,2604.61,3332.89,"周线波浪多头; 日线缠论B3买点; M5缺失跳过; 浪型完好; B3低优先级买点, 仓位从轻; 周线5浪阶段, 小仓位",执行
2025-05-14,LONG_OPEN,0.2,2604.61,3179.13,"周线波浪多头; 日线缠论B3买点; M5缺失跳过; 浪型完好; B3低优先级买点, 仓位从轻; 周线5浪阶段, 小仓位",已有持仓，信号去重跳过
2025-05-23,LONG_OPEN,0.2,2604.61,3359.87,"周线波浪多头; 日线缠论B3买点; M5缺失跳过; 浪型完好; B3低优先级买点, 仓位从轻; 周线5浪阶段, 小仓位",已有持仓，信号去重跳过
2025-06-03,LONG_OPEN,0.2,2604.61,3354.07,"周线波浪多头; 日线缠论B3买点; M5缺失跳过; 浪型完好; B3低优先级买点, 仓位从轻",已有持仓，信号去重跳过
2025-06-12,LONG_OPEN,0.2,2604.61,3386.58,"周线波浪多头; 日线缠论B3买点; M5缺失跳过; 浪型完好; B3低优先级买点, 仓位从轻",已有持仓，信号去重跳过
2025-11-06,LONG_OPEN,0.2,3248.21,3977.09,"周线波浪多头; 日线缠论B3买点; M5缺失跳过; 浪型完好; B3低优先级买点, 仓位从轻",执行
2026-03-17,LONG_OPEN,0.2,3248.21,5001.99,"周线波浪多头; 日线缠论B3买点; M5缺失跳过; 浪型完好; B3低优先级买点, 仓位从轻",执行
2026-05-06,LONG_OPEN,0.2,4098.45,4690.72,"周线波浪多头; 日线缠论B3买点; M5缺失跳过; 浪型完好; B3低优先级买点, 仓位从轻",已有持仓，信号去重跳过
2026-05-15,LONG_OPEN,0.2,4098.45,4538.47,"周线波浪多头; 日线缠论B3买点; M5缺失跳过; 浪型完好; B3低优先级买点, 仓位从轻",已有持仓，信号去重跳过
2026-05-26,LONG_OPEN,0.2,4098.45,4506.02,"周线波浪多头; 日线缠论B3买点; M5缺失跳过; 浪型完好; B3低优先级买点, 仓位从轻",已有持仓，信号去重跳过
2026-07-03,LONG_CLOSE,0.0,0.0,4174.71,浪型破坏,未执行
2026-07-23,LONG_CLOSE,0.0,0.0,4048.41,浪型破坏,未执行
